method,output,mean_coherence,peak_frequency_hz,peak_magnitude_db
Frequency-Welch,Q,0.09601996284732578,45.8984375,102.76631433420634
Frequency-Welch,gamma,0.09255297381916058,44.7265625,83.4999308513139
