method,output,mean_coherence,peak_frequency_hz,peak_magnitude_db
Frequency-Welch,Q,0.10419198259252373,45.8984375,102.76634647964704
Frequency-Welch,gamma,0.09605191328278997,44.7265625,83.13424326876495
