method,output,mean_coherence,peak_frequency_hz,peak_magnitude_db
Frequency-Welch,Q,0.10018551176554766,25.78125,27.429322152009867
Frequency-Welch,gamma,0.07671399773176532,31.25,9.535568489537587
