method,output,mean_coherence,peak_frequency_hz,peak_magnitude_db
Frequency-Welch,Q,0.11859151098612604,49.8046875,136.65318439833246
Frequency-Welch,gamma,0.09638225293266572,49.8046875,124.38600192288715
