method,output,mean_coherence,peak_frequency_hz,peak_magnitude_db
Frequency-Welch,Q,0.09221284101517407,44.7265625,116.27790952105828
Frequency-Welch,gamma,0.0861950446380016,35.9375,93.11442453541585
