method,output,mean_coherence,peak_frequency_hz,peak_magnitude_db
Frequency-Welch,Q,0.11809476725706058,49.609375,134.5824977969316
Frequency-Welch,gamma,0.09458195251145696,50.0,124.7193086089874
