method,output,mean_coherence,peak_frequency_hz,peak_magnitude_db
Frequency-Welch,Q,0.08001947734761446,36.1328125,20.209802962409356
Frequency-Welch,gamma,0.09108290355509716,35.546875,7.834553191117593
