mode,max_abs_alpha_deg,max_abs_theta_deg,min_speed_mps,max_speed_mps,vertical_extent_m
Open-loop maneuver,7.067621345253644,19.63126696043303,10.053196327165779,25.627783377577586,67.68154040511044
Aggressive sine-sweep maneuver,30.21972873938209,56.826103881371765,4.003989695153898,28.635054263734197,52.96743698427063
Aggressive nonlinear maneuver,30.186312180839312,54.93856807630325,4.048244639364384,20.004687506790074,38.968247375449465
Local trim-grid small-deviation maneuver,11.909172616178047,12.42850789942004,9.550719873207784,12.636641222942579,4.792078495353829
Open-loop maneuver with SAFE enabled,4.820172817900836,6.584669255459648,14.28288392201692,15.98557332010581,5.462865905546181
Aggressive sine-sweep with SAFE enabled,12.461723886342318,13.945957109695872,8.434410506348511,16.69860836074975,15.316850690642605
Aggressive maneuver with SAFE enabled,12.447036921178086,13.945751971773706,8.456336250621884,17.217702465484418,23.85678995259418
Aggressive SAFE recovery-probe maneuver,12.447036921178086,13.945751971773706,8.456336250621884,15.88980583114887,23.529281702609772
