{
  "args": {
    "duration": 5.0,
    "dt": 0.1,
    "segments": 2,
    "seed": 7,
    "max_nfev_ss": 2,
    "max_nfev_ms": 2
  },
  "aircraft": {
    "mass": 1.0,
    "jy": 0.15,
    "wing_area": 0.25,
    "rho": 1.225,
    "gravity": 9.81
  },
  "true_theta": {
    "C_L0": 0.1,
    "C_L_alpha": 3.0,
    "C_D0": 0.03,
    "k": 0.1,
    "C_M0": 0.01,
    "C_M_alpha": -0.1,
    "C_M_Q": -0.1,
    "C_M_delta_e": 0.1
  },
  "initial_theta": {
    "C_L0": -0.05,
    "C_L_alpha": 4.8,
    "C_D0": 0.08,
    "k": 0.35,
    "C_M0": 0.06,
    "C_M_alpha": 0.05,
    "C_M_Q": -0.35,
    "C_M_delta_e": 0.02
  },
  "cases": {
    "noise_only": {
      "duration_s": 5.0,
      "samples": 51,
      "noise_std": {
        "V": 0.08,
        "alpha": 0.004,
        "gamma": 0.004,
        "Q": 0.015
      }
    },
    "lag_limit_gust_mismatch": {
      "duration_s": 5.0,
      "samples": 51,
      "noise_std": {
        "V": 0.08,
        "alpha": 0.004,
        "gamma": 0.004,
        "Q": 0.015
      }
    }
  },
  "fits": {
    "noise_only": {
      "SS": {
        "theta": {
          "C_L0": -0.050251302129087454,
          "C_L_alpha": 4.784952448096509,
          "C_D0": 0.0803092107746084,
          "k": 0.35069496211023027,
          "C_M0": 0.059942323359509435,
          "C_M_alpha": 0.060905421167230675,
          "C_M_Q": -0.349360642531969,
          "C_M_delta_e": 0.01995828397012165
        },
        "cost": 124638546.18947665,
        "nfev": 2,
        "elapsed_s": 0.07357647900062148,
        "success": false,
        "message": "The maximum number of function evaluations is exceeded.",
        "decision_variables": 12
      },
      "MS": {
        "theta": {
          "C_L0": -0.06156882911416828,
          "C_L_alpha": 4.900908149987139,
          "C_D0": 0.10144881966201064,
          "k": 0.3634749498471378,
          "C_M0": 0.06892226029008935,
          "C_M_alpha": -0.08614493751689926,
          "C_M_Q": -0.3113248033174812,
          "C_M_delta_e": -0.016182092799252482
        },
        "cost": 66585698.58072799,
        "nfev": 2,
        "elapsed_s": 0.0878911390027497,
        "success": false,
        "message": "The maximum number of function evaluations is exceeded.",
        "decision_variables": 16
      }
    },
    "lag_limit_gust_mismatch": {
      "SS": {
        "theta": {
          "C_L0": -0.052909067419604036,
          "C_L_alpha": 4.80581956091278,
          "C_D0": 0.07944185593546431,
          "k": 0.3511229920207017,
          "C_M0": 0.06113043307642958,
          "C_M_alpha": 0.09791302656072223,
          "C_M_Q": -0.3525678527669984,
          "C_M_delta_e": 0.016235269647455825
        },
        "cost": 277035483.6249539,
        "nfev": 2,
        "elapsed_s": 0.06828084999870043,
        "success": false,
        "message": "The maximum number of function evaluations is exceeded.",
        "decision_variables": 12
      },
      "MS": {
        "theta": {
          "C_L0": -0.0480200943542389,
          "C_L_alpha": 4.886570655133317,
          "C_D0": 0.14119943434987986,
          "k": 0.36127778937433563,
          "C_M0": 0.06722166311979869,
          "C_M_alpha": -9.040213412491588e-05,
          "C_M_Q": -0.3306674280300878,
          "C_M_delta_e": -0.007098969616782001
        },
        "cost": 81574503.91364296,
        "nfev": 2,
        "elapsed_s": 0.08785517999785952,
        "success": false,
        "message": "The maximum number of function evaluations is exceeded.",
        "decision_variables": 16
      }
    }
  }
}